<!-- This is a generated file. It is highly recommended that you DO NOT edit this file. --><iq:manifest xmlns:iq="http://www.garmin.com/xml/connectiq" version="3">
    <iq:application entry="PiApp" id="31968a429922451d88fb3c3fc2ac3765" launcherIcon="@Drawables.LauncherIcon" name="@Strings.AppName" type="watch-app" version="0.0.0">
        <iq:products>
            <iq:product id="fenix5plus"/>
            <iq:product id="fenix5s"/>
        </iq:products>
        <iq:permissions>
            <iq:uses-permission id="BluetoothLowEnergy"/>
        </iq:permissions>
        <iq:languages/>
        <iq:barrels/>
    </iq:application>
</iq:manifest>
